Month,Brent_Price_USD_per_Barrel
2015M07,56.8
2015M08,48.2
2015M09,48.6
2015M10,48.1
2015M11,44.4
2015M12,37.7
2016M01,31.9
2016M02,33.4
2016M03,39.8
2016M04,43.3
2016M05,47.6
2016M06,49.9
2016M07,46.6
2016M08,47.2
2016M09,47.2
2016M10,51.4
2016M11,47.1
2016M12,54.9
2017M01,55.5
2017M02,56.0
2017M03,52.5
2017M04,53.7
2017M05,51.1
2017M06,47.5
2017M07,49.2
2017M08,51.9
2017M09,55.2
2017M10,57.5
2017M11,62.9
2017M12,62.3
2018M01,69.1
2018M02,65.7
2018M03,66.7
2018M04,71.7
2018M05,76.8
2018M06,75.9
2018M07,75.0
2018M08,73.9
2018M09,79.0
2018M10,80.6
2018M11,66.0
2018M12,57.7
2019M01,60.2
2019M02,64.5
2019M03,67.1
2019M04,71.7
2019M05,70.3
2019M06,63.1
2019M07,64.2
2019M08,59.5
2019M09,62.3
2019M10,59.6
2019M11,62.7
2019M12,65.2
2020M01,63.7
2020M02,55.5
2020M03,33.7
2020M04,26.6
2020M05,32.1
2020M06,40.8
2020M07,43.2
2020M08,45.0
2020M09,41.9
2020M10,41.4
2020M11,44.0
2020M12,50.2
2021M01,55.2
2021M02,62.3
2021M03,65.8
2021M04,65.3
2021M05,68.3
2021M06,73.4
2021M07,74.0
2021M08,70.5
2021M09,74.3
2021M10,83.8
2021M11,80.8
2021M12,74.8
2022M01,85.5
2022M02,94.3
2022M03,112.5
2022M04,105.8
2022M05,111.6
2022M06,117.2
2022M07,105.1
2022M08,97.7
2022M09,90.6
2022M10,93.6
2022M11,90.4
2022M12,81.3
2023M01,83.9
2023M02,83.9
2023M03,79.7
2023M04,82.7
2023M05,75.7
2023M06,75.0
2023M07,80.2
2023M08,84.6
2023M09,92.6
2023M10,88.7
2023M11,82.0
2023M12,77.3
2024M01,79.2
2024M02,81.7
2024M03,84.7
2024M04,89.0
2024M05,83.0
2024M06,83.0
2024M07,83.9
2024M08,78.9
2024M09,72.7
2024M10,75.4
2024M11,73.4
2024M12,73.2
2025M01,78.3
2025M02,75.0
2025M03,71.5
2025M04,66.3
2025M05,63.7
2025M06,69.8
2025M07,69.6
2025M08,67.3
2025M09,67.6
2025M10,64.0
2025M11,63.6
2025M12,61.6
2026M01,64.6
2026M02,69.4
2026M03,99.4
2026M04,117.3
2026M05,106.3
2026M06,92.98
