"Commodity Prices by Month, Price and Commodity"

"Month","Indicative Price Diesel price (GHC/litre)","Indicative Price Petrol price (GHC/litre)","Indicative Price Brent crude oil price (USD/barrel)","Realised Price Diesel price (GHC/litre)","Realised Price Petrol price (GHC/litre)","Realised Price Brent crude oil price (USD/barrel)"
"2024M06",14.25,14.14,83.01,..,..,81.38
"2024M05",14.21,14.14,83.00,..,..,83.20
"2024M04",14.14,13.62,89.00,..,..,89.03
"2024M03",13.73,12.84,84.74,..,..,84.63
"2024M02",13.04,12.02,81.71,..,..,82.65
"2024M01",13.56,12.01,79.15,..,..,79.13
"2023M12",13.06,12.11,77.26,..,..,76.08
"2023M11",13.09,12.25,82.02,..,..,81.85
"2023M10",13.29,12.56,88.70,..,..,88.28
"2023M09",13.07,12.88,92.58,..,..,93.05
"2023M08",12.85,12.76,84.63,..,..,85.28
"2023M07",11.90,11.87,80.16,..,..,81.79
"2023M06",11.97,11.95,74.98,..,..,74.24
"2023M05",12.30,12.29,75.68,..,..,75.61
"2023M04",12.78,12.47,82.74,..,..,81.15
"2023M03",13.49,13.20,79.65,..,..,79.20
"2023M02",15.40,15.12,83.92,..,..,80.21
"2023M01",14.97,13.12,83.94,..,..,84.90
"2022M12",19.61,16.58,81.34,..,..,82.63
"2022M11",22.58,17.43,90.38,..,..,89.82
"2022M10",15.18,12.29,93.60,..,..,95.00
"2022M09",14.25,11.13,90.57,..,..,91.27
"2022M08",13.26,10.88,97.74,..,..,98.58
"2022M07",13.85,11.27,105.14,..,..,107.48
"2022M06",13.00,10.62,117.22,..,..,117.21
"2022M05",11.46,9.47,111.55,..,..,111.55
"2022M04",10.43,9.30,105.81,..,..,106.66
"2022M03",9.46,9.05,112.51,..,..,115.93
"2022M02",7.56,7.55,94.28,..,..,93.68
"2022M01",6.69,6.68,85.48,..,..,85.55
"2021M12",6.67,6.66,74.80,..,..,75.13
"2021M11",6.79,6.79,80.75,..,..,83.14
"2021M10",6.50,6.49,83.75,..,..,82.96
"2021M09",6.18,6.18,74.88,..,..,73.97
"2021M08",6.12,6.12,70.51,..,..,69.61
"2021M07",6.11,6.11,74.29,..,..,75.44
"2021M06",6.00,6.00,73.35,..,..,72.59
"2021M05",5.91,5.91,68.34,..,..,68.18
"2021M04",5.32,5.32,65.33,..,..,65.96
"2021M03",5.25,5.25,65.84,..,..,66.72
"2021M02",5.01,5.03,62.27,..,..,63.59
"2021M01",4.91,4.91,55.33,..,..,55.41
"2020M12",4.64,4.64,50.23,..,..,50.30
"2020M11",4.58,4.58,43.98,..,..,43.65
"2020M10",4.60,4.59,41.36,..,..,42.09
"2020M09",4.67,4.66,41.87,..,..,41.55
"2020M08",4.71,4.71,45.04,..,..,44.64
"2020M07",4.68,4.68,43.24,..,..,43.01
"2020M06",4.41,4.40,40.77,..,..,41.39
"2020M05",4.04,4.03,32.11,..,..,33.54
"2020M04",4.52,4.09,26.63,..,..,28.94
"2020M03",5.16,5.14,33.73,..,..,28.16
"2020M02",5.41,5.40,55.53,..,..,55.14
"2020M01",5.40,5.39,63.67,..,..,65.79
"2019M12",5.34,5.34,65.17,..,..,64.96
"2019M11",5.32,5.32,62.71,..,..,62.91
"2019M10",5.29,5.30,59.63,..,..,59.79
"2019M09",5.23,5.24,62.29,..,..,61.38
"2019M08",5.14,5.15,59.47,..,..,59.24
"2019M07",5.15,5.15,64.19,..,..,64.54
"2019M06",5.20,5.16,63.05,..,..,63.57
"2019M05",5.21,5.20,70.30,..,..,70.37
"2019M04",5.19,5.19,71.66,..,..,71.20
"2019M03",5.16,5.15,67.05,..,..,67.48
"2019M02",4.91,4.90,64.50,..,..,65.49
"2019M01",4.90,4.89,60.23,..,..,60.20
"2018M12",4.95,4.94,57.67,..,..,57.59
"2018M11",5.13,5.11,65.96,..,..,67.64
"2018M10",5.13,5.12,80.63,..,..,80.71
"2018M09",5.01,4.98,79.09,..,..,78.40
"2018M08",4.73,4.72,73.85,..,..,73.45
"2018M07",4.83,4.83,75.04,..,..,75.32
"2018M06",4.85,4.85,75.94,..,..,75.08
"2018M05",4.60,4.60,77.06,..,..,77.45
"2018M04",4.53,4.54,71.67,..,..,71.92
"2018M03",4.48,4.49,66.68,..,..,66.02
"2018M02",4.58,4.57,65.70,..,..,67.48
"2018M01",4.56,4.56,69.09,..,..,68.64
"2017M12",4.47,4.46,64.30,..,..,63.70
"2017M11",4.35,4.34,62.90,..,..,63.40
"2017M10",4.24,4.28,57.50,..,..,55.20
"2017M09",4.18,4.20,55.20,..,..,55.40
"2017M08",3.83,3.78,51.90,..,..,52.00
"2017M07",3.75,3.74,49.20,..,..,47.00
"2017M06",3.74,3.82,47.50,..,..,45.80
"2017M05",3.88,3.88,51.10,..,..,48.40
"2017M04",3.96,4.01,53.70,..,..,54.50
"2017M03",4.21,4.21,52.50,..,..,52.10
"2017M02",4.16,4.10,56.00,..,..,55.80
"2017M01",3.99,4.03,55.50,..,..,55.00
"2016M12",3.63,3.63,54.90,..,..,52.80
"2016M11",3.58,3.58,47.10,..,..,47.30
"2016M10",3.63,3.66,51.40,..,..,49.30
"2016M09",3.57,3.62,47.20,..,..,45.90
"2016M08",3.42,3.50,47.20,..,..,47.20
"2016M07",3.42,3.49,46.60,..,..,46.80
"2016M06",3.50,3.61,49.90,..,..,50.30
"2016M05",3.37,3.53,47.60,..,..,48.30
"2016M04",3.31,3.42,43.30,..,..,32.10
"2016M03",3.27,3.33,39.80,..,..,32.10
"2016M02",3.16,3.32,33.40,..,..,32.10
"2016M01",3.32,3.46,31.90,..,..,32.40
"2015M12",2.65,2.75,38.90,..,..,38.20
"2015M11",2.68,2.78,45.70,..,..,46.40
"2015M10",2.77,2.85,49.10,..,..,50.10
"2015M09",2.85,3.02,48.60,..,..,47.20
"2015M08",2.76,3.46,48.20,..,..,48.00
"2015M07",3.41,3.70,56.70,..,..,56.60
"2015M06",..,..,63.80,..,..,60.70
"2015M05",..,..,65.60,..,..,64.70
"2015M04",..,..,60.90,..,..,60.80
"2015M03",..,..,57.00,..,..,53.00
"2015M02",..,..,58.70,..,..,50.60
"2015M01",..,..,49.80,..,..,49.80
"2014M12",..,..,62.40,..,..,57.80
"2014M11",..,..,79.50,..,..,78.10
"2014M10",..,..,88.10,..,..,83.80
"2014M09",..,..,98.60,..,..,98.00
"2014M08",..,..,103.50,..,..,103.90
"2014M07",..,..,108.20,..,..,105.70
"2014M06",..,..,112.00,..,..,111.50
"2014M05",..,..,109.20,..,..,109.20
"2014M04",..,..,108.10,..,..,109.10
"2014M03",..,..,107.70,..,..,107.50
"2014M02",..,..,108.80,..,..,110.10
"2014M01",..,..,107.30,..,..,109.30
"2013M12",..,..,110.60,..,..,111.00
"2013M11",..,..,107.80,..,..,105.40
"2013M10",..,..,109.50,..,..,105.40
"2013M09",..,..,111.20,..,..,111.30
"2013M08",..,..,110.30,..,..,111.60
"2013M07",..,..,107.40,..,..,107.40
"2013M06",..,..,103.30,..,..,103.70
"2013M05",..,..,103.30,..,..,102.60
"2013M04",..,..,103.30,..,..,99.00
"2013M03",..,..,109.50,..,..,108.50
"2013M02",..,..,116.10,..,..,114.00
"2013M01",..,..,112.30,..,..,113.00
"2012M12",..,..,109.20,..,..,109.40
"2012M11",..,..,109.50,..,..,109.10
"2012M10",..,..,111.50,..,..,115.20
"2012M09",..,..,113.00,..,..,114.20
"2012M08",..,..,113.20,..,..,108.60
"2012M07",..,..,102.80,..,..,103.10
"2012M06",..,..,95.90,..,..,90.20
"2012M05",..,..,109.40,..,..,119.70
"2012M04",..,..,120.40,..,..,125.90
"2012M03",..,..,124.60,..,..,124.60
"2012M02",..,..,119.20,..,..,121.60
"2012M01",..,..,111.60,..,..,111.60
"2011M12",..,..,107.70,..,..,112.20
"2011M11",..,..,110.60,..,..,113.70
"2011M10",..,..,108.80,..,..,112.60
"2011M09",..,..,110.00,..,..,110.60
"2011M08",..,..,109.80,..,..,111.60
"2011M07",..,..,116.70,..,..,116.70
"2011M06",..,..,113.90,..,..,114.90
"2011M05",..,..,114.50,..,..,115.90
"2011M04",..,..,123.10,..,..,124.40
"2011M03",..,..,114.60,..,..,114.10
"2011M02",..,..,104.10,..,..,101.90
"2011M01",..,..,96.80,..,..,93.70
"2010M12",..,..,92.30,..,..,..
"2010M11",..,..,86.10,..,..,..
"2010M10",..,..,83.50,..,..,..
"2010M09",..,..,78.20,..,..,..
"2010M08",..,..,77.10,..,..,..
"2010M07",..,..,75.50,..,..,..
"2010M06",..,..,75.70,..,..,..
"2010M05",..,..,77.00,..,..,..
"2010M04",..,..,85.70,..,..,..
"2010M03",..,..,79.90,..,..,..
"2010M02",..,..,74.80,..,..,..
"2010M01",..,..,76.90,..,..,..
"2009M12",..,..,75.20,..,..,..
"2009M11",..,..,77.50,..,..,..
"2009M10",..,..,73.90,..,..,..
"2009M09",..,..,68.20,..,..,..
"2009M08",..,..,73.10,..,..,..
"2009M07",..,..,65.80,..,..,..
"2009M06",..,..,69.30,..,..,..
"2009M05",..,..,58.60,..,..,..
"2009M04",..,..,51.20,..,..,..
"2009M03",..,..,47.30,..,..,..
"2009M02",..,..,43.70,..,..,..
"2009M01",..,..,45.60,..,..,..
"2008M12",..,..,43.30,..,..,..
"2008M11",..,..,55.00,..,..,..
"2008M10",..,..,73.60,..,..,..
"2008M09",..,..,100.70,..,..,..
"2008M08",..,..,115.20,..,..,..
"2008M07",..,..,134.80,..,..,..
"2008M06",..,..,133.50,..,..,..
"2008M05",..,..,124.60,..,..,..
"2008M04",..,..,110.40,..,..,..
"2008M03",..,..,103.00,..,..,..
"2008M02",..,..,94.50,..,..,..
"2008M01",..,..,91.90,..,..,..
"2007M12",..,..,91.50,..,..,..
"2007M11",..,..,92.10,..,..,..
"2007M10",..,..,82.50,..,..,..
"2007M09",..,..,77.00,..,..,..
"2007M08",..,..,71.20,..,..,..
"2007M07",..,..,75.80,..,..,..
"2007M06",..,..,70.50,..,..,..
"2007M05",..,..,67.90,..,..,..
"2007M04",..,..,67.50,..,..,..
"2007M03",..,..,62.40,..,..,..
"2007M02",..,..,59.00,..,..,..
"2007M01",..,..,54.60,..,..,..
"2006M12",..,..,62.50,..,..,..
"2006M11",..,..,60.00,..,..,..
"2006M10",..,..,60.10,..,..,..
"2006M09",..,..,63.50,..,..,..
"2006M08",..,..,73.90,..,..,..
"2006M07",..,..,74.20,..,..,..
"2006M06",..,..,69.70,..,..,..
"2006M05",..,..,71.00,..,..,..
"2006M04",..,..,70.60,..,..,..
"2006M03",..,..,63.10,..,..,..
"2006M02",..,..,61.10,..,..,..
"2006M01",..,..,63.90,..,..,..
"2005M12",..,..,57.60,..,..,..
"2005M11",..,..,56.20,..,..,..
"2005M10",..,..,59.40,..,..,..
"2005M09",..,..,63.70,..,..,..
"2005M08",..,..,63.80,..,..,..
"2005M07",..,..,57.90,..,..,..
"2005M06",..,..,55.60,..,..,..
"2005M05",..,..,49.90,..,..,..
"2005M04",..,..,53.20,..,..,..
"2005M03",..,..,53.30,..,..,..
"2005M02",..,..,45.80,..,..,..
"2005M01",..,..,44.90,..,..,..
"2004M12",..,..,40.60,..,..,..
"2004M11",..,..,44.50,..,..,..
"2004M10",..,..,49.40,..,..,..
"2004M09",..,..,42.80,..,..,..
"2004M08",..,..,41.70,..,..,..
"2004M07",..,..,37.70,..,..,..
"2004M06",..,..,35.50,..,..,..
"2004M05",..,..,37.10,..,..,..
"2004M04",..,..,30.00,..,..,..
"2004M03",..,..,32.70,..,..,..
"2004M02",..,..,30.30,..,..,..
"2004M01",..,..,30.60,..,..,..
"2003M12",..,..,29.60,..,..,..
"2003M11",..,..,28.80,..,..,..
"2003M10",..,..,29.00,..,..,..
"2003M09",..,..,26.80,..,..,..
"2003M08",..,..,29.40,..,..,..
"2003M07",..,..,28.20,..,..,..
"2003M06",..,..,27.20,..,..,..
"2003M05",..,..,25.40,..,..,..
"2003M04",..,..,24.80,..,..,..
"2003M03",..,..,29.50,..,..,..
"2003M02",..,..,32.40,..,..,..
"2003M01",..,..,30.20,..,..,..
"2002M12",..,..,27.40,..,..,..
"2002M11",..,..,24.50,..,..,..
"2002M10",..,..,27.50,..,..,..
"2002M09",..,..,28.30,..,..,..
"2002M08",..,..,26.30,..,..,..
"2002M07",..,..,25.70,..,..,..
"2002M06",..,..,24.50,..,..,..
"2002M05",..,..,25.70,..,..,..
"2002M04",..,..,26.00,..,..,..
"2002M03",..,..,24.00,..,..,..
"2002M02",..,..,20.20,..,..,..
"2002M01",..,..,20.00,..,..,..
"2001M12",..,..,19.30,..,..,..
"2001M11",..,..,19.20,..,..,..
"2001M10",..,..,21.50,..,..,..
"2001M09",..,..,26.10,..,..,..
"2001M08",..,..,25.80,..,..,..
"2001M07",..,..,25.70,..,..,..
"2001M06",..,..,26.70,..,..,..
"2001M05",..,..,25.40,..,..,..
"2001M04",..,..,25.40,..,..,..
"2001M03",..,..,25.70,..,..,..
"2001M02",..,..,27.70,..,..,..
"2001M01",..,..,25.80,..,..,..
"2000M12",..,..,26.70,..,..,..
"2000M11",..,..,32.20,..,..,..
"2000M10",..,..,31.60,..,..,..
"2000M09",..,..,32.50,..,..,..
"2000M08",..,..,30.10,..,..,..
"2000M07",..,..,28.80,..,..,..
"2000M06",..,..,29.60,..,..,..
"2000M05",..,..,27.40,..,..,..
"2000M04",..,..,23.30,..,..,..
"2000M03",..,..,27.30,..,..,..
"2000M02",..,..,24.60,..,..,..
"2000M01",..,..,25.20,..,..,..
"1999M12",..,..,24.90,..,..,..
