date,cpi
2013-01-01,134.994594893508
2013-02-01,136.737106928071
2013-03-01,138.479618962634
2013-04-01,140.222130997197
2013-05-01,141.96464303176
2013-06-01,143.707155066323
2013-07-01,145.44966710088602
2013-08-01,147.192179135449
2013-09-01,148.934691170012
2013-10-01,150.677203204575
2013-11-01,152.419715239138
2013-12-01,154.162227273701
2014-01-01,155.904739308264
2014-02-01,158.13287391173483
2014-03-01,160.36100851520567
2014-04-01,162.5891431186765
2014-05-01,164.81727772214734
2014-06-01,167.04541232561817
2014-07-01,169.27354692908898
2014-08-01,171.50168153255981
2014-09-01,173.72981613603065
2014-10-01,175.95795073950148
2014-11-01,178.18608534297232
2014-12-01,180.41421994644315
2015-01-01,182.642354549914
2015-02-01,185.29898420050648
2015-03-01,187.955613851099
2015-04-01,190.6122435016915
2015-05-01,193.268873152284
2015-06-01,195.9255028028765
2015-07-01,198.582132453469
2015-08-01,201.2387621040615
2015-09-01,203.895391754654
2015-10-01,206.5520214052465
2015-11-01,209.208651055839
2015-12-01,211.86528070643152
2016-01-01,214.521910357024
2016-02-01,216.7336172285611
2016-03-01,218.94532410009816
2016-04-01,221.15703097163527
2016-05-01,223.36873784317234
2016-06-01,225.58044471470942
2016-07-01,227.79215158624652
2016-08-01,230.0038584577836
2016-09-01,232.21556532932067
2016-10-01,234.42727220085774
2016-11-01,236.63897907239482
2016-12-01,238.85068594393192
2017-01-01,241.062392815469
2017-02-01,242.63105916203216
2017-03-01,244.19972550859532
2017-04-01,245.76839185515848
2017-05-01,247.33705820172165
2017-06-01,248.9057245482848
2017-07-01,250.474390894848
2017-08-01,252.04305724141116
2017-09-01,253.61172358797432
2017-10-01,255.1803899345375
2017-11-01,256.74905628110065
2017-12-01,258.3177226276638
2018-01-01,259.886388974227
2018-02-01,261.4335013178839
2018-03-01,262.9806136615408
2018-04-01,264.52772600519774
2018-05-01,266.07483834885466
2018-06-01,267.6219506925116
2018-07-01,269.1690630361685
2018-08-01,270.7161753798254
2018-09-01,272.26328772348234
2018-10-01,273.81040006713926
2018-11-01,275.3575124107962
2018-12-01,276.9046247544531
2019-01-01,278.45173709811
2019-02-01,280.74601455971475
2019-03-01,283.0402920213195
2019-04-01,285.3345694829243
2019-05-01,287.628846944529
2019-06-01,289.92312440613375
2019-07-01,292.21740186773854
2019-08-01,294.5116793293433
2019-09-01,296.805956790948
2019-10-01,299.10023425255275
2019-11-01,301.3945117141575
2019-12-01,303.6887891757623
2020-01-01,305.983066637367
2020-02-01,308.5255535461196
2020-03-01,311.0680404548722
2020-04-01,313.6105273636248
2020-05-01,316.15301427237733
2020-06-01,318.69550118112994
2020-07-01,321.2379880898825
2020-08-01,323.7804749986351
2020-09-01,326.3229619073877
2020-10-01,328.86544881614026
2020-11-01,331.40793572489287
2020-12-01,333.9504226336454
2021-01-01,336.492909542398
2021-02-01,345.25739877923166
2021-03-01,354.02188801606536
2021-04-01,362.786377252899
2021-05-01,371.5508664897327
2021-06-01,380.31535572656634
2021-07-01,389.0798449634
2021-08-01,397.8443342002337
2021-09-01,406.6088234370673
2021-10-01,415.373312673901
2021-11-01,424.13780191073465
2021-12-01,432.90229114756835
2022-01-01,441.666780384402
2022-02-01,455.6922644009576
2022-03-01,469.7177484175131
2022-04-01,483.7432324340687
2022-05-01,497.7687164506243
2022-06-01,511.7942004671799
2022-07-01,525.8196844837355
2022-08-01,539.845168500291
2022-09-01,553.8706525168466
2022-10-01,567.8961365334022
2022-11-01,581.9216205499578
2022-12-01,595.9471045665134
2023-01-01,609.972588583069
2023-02-01,621.5866334543858
2023-03-01,633.2006783257026
2023-04-01,644.8147231970195
2023-05-01,656.4287680683364
2023-06-01,668.0428129396531
2023-07-01,679.65685781097
2023-08-01,691.2709026822869
2023-09-01,702.8849475536036
2023-10-01,714.4989924249205
2023-11-01,726.1130372962374
2023-12-01,737.7270821675542
2024-01-01,749.341127038871
