"Consumer Price Index and Inflation by Month, Indicator and Region"

"Month","Consumer Price Index Ghana"
"2025M08",255.7
"2025M07",259.1
"2025M06",257.3
"2025M05",260.5
"2025M04",258.6
"2025M03",256.5
"2025M02",255.9
"2025M01",252.6
"2024M12",248.3
"2024M11",243.9
"2024M10",237.8
"2024M09",235.8
"2024M08",229.4
"2024M07",231.0
"2024M06",226.4
"2024M05",220.0
"2024M04",213.3
"2024M03",209.6
"2024M02",207.8
"2024M01",204.6
"2023M12",200.6
"2023M11",198.3
"2023M10",194.8
"2023M09",194.2
"2023M08",190.6
"2023M07",191.0
"2023M06",184.4
"2023M05",178.7
"2023M04",170.6
"2023M03",166.6
"2023M02",168.7
"2023M01",165.6
"2022M12",162.8
"2022M11",156.8
"2022M10",144.4
"2022M09",140.6
"2022M08",136.0
"2022M07",133.5
"2022M06",129.4
"2022M05",125.7
"2022M04",120.8
"2022M03",114.9
"2022M02",110.4
"2022M01",107.8
"2021M12",105.6
"2021M11",104.3
"2021M10",102.9
"2021M09",102.2
"2021M08",101.6
"2021M07",101.3
"2021M06",99.7
"2021M05",98.4
"2021M04",97.7
"2021M03",96.2
"2021M02",95.4
"2021M01",94.7
"2020M12",93.8
"2020M11",92.9
"2020M10",92.6
"2020M09",92.5
"2020M08",92.6
"2020M07",93.0
"2020M06",92.5
"2020M05",91.6
"2020M04",90.0
"2020M03",87.2
"2020M02",86.5
"2020M01",86.1
"2019M12",84.9
"2019M11",84.7
"2019M10",84.1
"2019M09",83.8
"2019M08",83.9
"2019M07",83.5
"2019M06",83.2
"2019M05",82.3
"2019M04",81.4
"2019M03",80.9
"2019M02",80.3
"2019M01",79.9
"2018M12",78.8
"2018M11",78.4
"2018M10",78.2
"2018M09",77.9
"2018M08",77.9
"2018M07",77.7
"2018M06",77.4
"2018M05",76.9
"2018M04",76.5
"2018M03",76.0
"2018M02",75.7
"2018M01",75.5
"2017M12",74.5
"2017M11",73.7
"2017M10",73.0
"2017M09",72.4
"2017M08",72.4
"2017M07",72.5
"2017M06",72.0
"2017M05",71.4
"2017M04",70.9
"2017M03",69.7
"2017M02",68.9
"2017M01",68.4
"2016M12",66.6
"2016M11",66.0
"2016M10",65.4
"2016M09",64.5
"2016M08",64.4
"2016M07",64.8
"2016M06",64.3
"2016M05",63.4
"2016M04",62.7
"2016M03",61.8
"2016M02",60.8
"2016M01",60.4
"2015M12",57.7
"2015M11",57.1
"2015M10",56.5
"2015M09",55.0
"2015M08",55.1
"2015M07",55.5
"2015M06",54.3
"2015M05",53.3
"2015M04",52.8
"2015M03",51.9
