Month,LPG_Price_GHS_per_kg,USD_GHS_Exchange_Rate,Inflation_Rate_YoY_pct,Notes_LPG,Notes_FX,Notes_CPI
2015-06,3.35,3.87,17.3,Est. from EC annual avg,BoG monthly avg,GSS
2015-07,3.35,3.92,17.4,Est. from EC annual avg,BoG monthly avg,GSS
2015-08,3.35,3.97,17.3,Est. from EC annual avg,BoG monthly avg,GSS
2015-09,3.35,3.99,16.6,Est. from EC annual avg,BoG monthly avg,GSS
2015-10,3.35,3.97,16.6,Est. from EC annual avg,BoG monthly avg,GSS
2015-11,3.35,3.96,17.2,Est. from EC annual avg,BoG monthly avg,GSS
2015-12,3.35,3.80,17.7,Est. from EC annual avg,BoG monthly avg,GSS
2016-01,3.35,3.80,19.2,Est. from EC annual avg,BoG monthly avg,GSS
2016-02,3.35,3.80,19.2,Est. from EC annual avg,BoG monthly avg,GSS
2016-03,3.35,3.80,19.2,Est. from EC annual avg,BoG monthly avg,GSS
2016-04,3.35,3.83,18.4,Est. from EC annual avg,BoG monthly avg,GSS
2016-05,3.55,3.89,18.6,Price adjustment,BoG monthly avg,GSS
2016-06,3.55,3.92,16.9,Est. from EC annual avg,BoG monthly avg,GSS
2016-07,3.55,3.95,16.7,Est. from EC annual avg,BoG monthly avg,GSS
2016-08,3.55,3.98,16.9,Est. from EC annual avg,BoG monthly avg,GSS
2016-09,3.55,4.01,17.2,Est. from EC annual avg,BoG monthly avg,GSS
2016-10,3.55,4.05,15.9,Est. from EC annual avg,BoG monthly avg,GSS
2016-11,3.55,4.20,15.1,BoG depreciation,BoG monthly avg,GSS
2016-12,3.55,4.46,15.4,Cedi depreciation surge,BoG monthly avg,GSS
2017-01,3.55,4.46,13.0,Est. from EC annual avg,BoG monthly avg,GSS
2017-02,3.55,4.44,13.0,Est. from EC annual avg,BoG monthly avg,GSS
2017-03,3.55,4.41,12.8,Est. from EC annual avg,BoG monthly avg,GSS
2017-04,3.55,4.42,12.8,Est. from EC annual avg,BoG monthly avg,GSS
2017-05,3.55,4.43,12.4,Est. from EC annual avg,BoG monthly avg,GSS
2017-06,3.55,4.38,12.1,Est. from EC annual avg,BoG monthly avg,GSS
2017-07,3.55,4.37,11.8,Est. from EC annual avg,BoG monthly avg,GSS
2017-08,4.00,4.39,11.6,Price adjustment (NPA),BoG monthly avg,GSS
2017-09,4.00,4.41,11.8,Est. from EC annual avg,BoG monthly avg,GSS
2017-10,4.00,4.42,11.6,Est. from EC annual avg,BoG monthly avg,GSS
2017-11,4.00,4.44,11.3,Est. from EC annual avg,BoG monthly avg,GSS
2017-12,4.00,4.46,11.8,Est. from EC annual avg,BoG monthly avg,GSS
2018-01,4.00,4.46,10.3,Est. from EC annual avg,BoG monthly avg,GSS
2018-02,4.00,4.46,10.3,Est. from EC annual avg,BoG monthly avg,GSS
2018-03,4.00,4.49,10.0,Est. from EC annual avg,BoG monthly avg,GSS
2018-04,4.00,4.58,9.6,Est. from EC annual avg,BoG monthly avg,GSS
2018-05,4.20,4.68,9.6,Price adjustment,BoG monthly avg,GSS
2018-06,4.20,4.80,9.8,Est. from EC annual avg,BoG monthly avg,GSS
2018-07,4.20,4.90,9.6,Est. from EC annual avg,BoG monthly avg,GSS
2018-08,4.50,4.98,9.5,Price adjustment,BoG monthly avg,GSS
2018-09,4.50,5.07,9.8,Est. from EC annual avg,BoG monthly avg,GSS
2018-10,4.50,5.12,9.5,Est. from EC annual avg,BoG monthly avg,GSS
2018-11,4.50,5.10,9.5,Est. from EC annual avg,BoG monthly avg,GSS
2018-12,4.50,4.95,9.4,Est. from EC annual avg,BoG monthly avg,GSS
2019-01,4.50,5.00,9.2,Est. from EC annual avg,BoG monthly avg,GSS
2019-02,4.50,5.00,9.2,Est. from EC annual avg,BoG monthly avg,GSS
2019-03,4.50,5.10,9.8,Est. from EC annual avg,BoG monthly avg,GSS
2019-04,4.50,5.15,10.0,Est. from EC annual avg,BoG monthly avg,GSS
2019-05,4.50,5.22,9.5,Est. from EC annual avg,BoG monthly avg,GSS
2019-06,4.70,5.25,9.1,Price adjustment,BoG monthly avg,GSS
2019-07,4.70,5.32,8.9,Est. from EC annual avg,BoG monthly avg,GSS
2019-08,4.70,5.38,7.8,Est. from EC annual avg,BoG monthly avg,GSS
2019-09,4.70,5.44,7.7,Est. from EC annual avg,BoG monthly avg,GSS
2019-10,4.70,5.52,7.6,Est. from EC annual avg,BoG monthly avg,GSS
2019-11,4.70,5.55,7.9,Est. from EC annual avg,BoG monthly avg,GSS
2019-12,4.70,5.62,7.9,Est. from EC annual avg,BoG monthly avg,GSS
2020-01,4.70,5.65,7.8,Est. from EC annual avg,BoG monthly avg,GSS
2020-02,4.70,5.68,7.8,Est. from EC annual avg,BoG monthly avg,GSS
2020-03,4.70,5.75,7.8,COVID / FX pressure,BoG monthly avg,GSS
2020-04,4.70,5.83,10.6,COVID impact,BoG monthly avg,GSS
2020-05,4.70,5.87,11.3,COVID impact,BoG monthly avg,GSS
2020-06,4.90,5.92,11.2,Price adjustment,BoG monthly avg,GSS
2020-07,4.90,5.85,11.4,Est. from EC annual avg,BoG monthly avg,GSS
2020-08,4.90,5.87,10.5,Est. from EC annual avg,BoG monthly avg,GSS
2020-09,4.90,5.82,10.4,Est. from EC annual avg,BoG monthly avg,GSS
2020-10,4.90,5.85,10.4,Est. from EC annual avg,BoG monthly avg,GSS
2020-11,4.90,5.88,9.8,Est. from EC annual avg,BoG monthly avg,GSS
2020-12,4.90,5.74,10.4,Est. from EC annual avg,BoG monthly avg,GSS
2021-01,5.50,5.75,10.3,Price adjustment,BoG monthly avg,GSS
2021-02,5.50,5.77,10.3,Est. from EC annual avg,BoG monthly avg,GSS
2021-03,5.50,5.76,8.5,Est. from EC annual avg,BoG monthly avg,GSS
2021-04,5.50,5.76,8.5,Est. from EC annual avg,BoG monthly avg,GSS
2021-05,5.50,5.84,8.5,Est. from EC annual avg,BoG monthly avg,GSS
2021-06,5.50,5.91,7.5,Est. from EC annual avg,BoG monthly avg,GSS
2021-07,5.50,5.96,9.5,Est. from EC annual avg,BoG monthly avg,GSS
2021-08,5.80,6.00,9.7,Price adjustment,BoG monthly avg,GSS
2021-09,5.80,6.02,11.0,Est. from EC annual avg,BoG monthly avg,GSS
2021-10,5.80,6.05,11.0,Est. from EC annual avg,BoG monthly avg,GSS
2021-11,5.80,6.10,12.2,Est. from EC annual avg,BoG monthly avg,GSS
2021-12,6.20,6.18,12.6,Price adjustment,BoG monthly avg,GSS
2022-01,6.20,6.23,15.7,War/supply shock,BoG monthly avg,GSS
2022-02,6.50,6.28,15.7,Price adjustment,BoG monthly avg,GSS
2022-03,7.20,7.00,19.4,Sharp cedi depreciation,BoG monthly avg,GSS
2022-04,7.20,7.56,23.6,Cedi crisis,BoG monthly avg,GSS
2022-05,7.60,7.88,27.6,Price adjustment,BoG monthly avg,GSS
2022-06,8.00,8.20,29.8,Price adjustment,BoG monthly avg,GSS
2022-07,8.50,8.50,31.7,Price adjustment,BoG monthly avg,GSS
2022-08,9.50,9.60,33.9,Price adjustment,BoG monthly avg,GSS
2022-09,10.00,10.10,37.2,Price adjustment,BoG monthly avg,GSS
2022-10,10.50,10.90,40.4,Price adjustment,BoG monthly avg,GSS
2022-11,11.09,11.99,50.3,Price adjustment,BoG monthly avg,GSS
2022-12,11.09,12.60,54.1,Peak crisis,BoG monthly avg,GSS
2023-01,13.00,11.60,53.6,IMF deal,BoG monthly avg,GSS
2023-02,13.00,11.70,52.8,BoG tightening,BoG monthly avg,GSS
2023-03,13.00,11.72,45.0,Disinflation begins,BoG monthly avg,GSS
2023-04,13.00,11.51,41.2,Est.,BoG monthly avg,GSS
2023-05,13.00,11.42,42.2,Est.,BoG monthly avg,GSS
2023-06,13.50,11.28,43.1,Price adjustment,BoG monthly avg,GSS
2023-07,14.00,11.23,43.1,Price adjustment,BoG monthly avg,GSS
2023-08,14.00,11.35,40.1,Est.,BoG monthly avg,GSS
2023-09,14.00,11.59,38.1,Est.,BoG monthly avg,GSS
2023-10,14.00,11.82,35.2,Est.,BoG monthly avg,GSS
2023-11,14.00,11.96,35.2,Est.,BoG monthly avg,GSS
2023-12,14.50,11.91,23.2,Rebased CPI,BoG monthly avg,GSS (rebased)
2024-01,14.50,12.08,23.5,Est.,BoG monthly avg,GSS
2024-02,14.50,12.38,23.2,Est.,BoG monthly avg,GSS
2024-03,14.50,13.25,25.8,New cedi depreciation,BoG monthly avg,GSS
2024-04,14.50,14.02,25.0,Est.,BoG monthly avg,GSS
2024-05,15.00,14.50,23.1,Price adjustment,BoG monthly avg,GSS
2024-06,15.00,15.10,22.8,Est.,BoG monthly avg,GSS
2024-07,15.00,15.50,20.9,Est.,BoG monthly avg,GSS
2024-08,15.00,15.70,20.4,Est.,BoG monthly avg,GSS
2024-09,15.00,15.90,21.5,Est.,BoG monthly avg,GSS
2024-10,15.00,15.99,22.1,Est. (all-time high FX),BoG monthly avg,GSS
2024-11,15.00,15.20,23.0,Cedi recovery,BoG monthly avg,GSS
2024-12,14.50,14.70,22.8,Cedi recovery,BoG monthly avg,GSS
2025-01,14.50,14.20,23.8,Est.,BoG monthly avg,GSS
2025-02,14.50,13.50,19.2,Cedi appreciation,BoG monthly avg,GSS
2025-03,14.00,13.00,15.7,Est.,BoG monthly avg,GSS
2025-04,14.00,12.60,14.1,Est.,BoG monthly avg,GSS
2025-05,14.00,12.20,12.9,Est.,BoG monthly avg,GSS
2025-06,14.00,11.80,11.5,Est.,BoG monthly avg,GSS
2025-07,14.00,11.50,10.2,Est.,BoG monthly avg,GSS
2025-08,14.00,11.30,9.1,Est.,BoG monthly avg,GSS
2025-09,14.00,11.20,8.0,Est.,BoG monthly avg,GSS
2025-10,13.50,11.10,7.2,Est.,BoG monthly avg,GSS
2025-11,13.50,11.00,6.3,GSS release,BoG monthly avg,GSS
2025-12,13.50,10.90,5.4,GSS release,BoG monthly avg,GSS
2026-01,13.50,10.50,3.8,GSS release,BoG monthly avg,GSS
2026-02,13.50,10.60,3.3,GSS release,BoG monthly avg,GSS
2026-03,13.50,10.70,3.2,GSS release,BoG monthly avg,GSS
2026-04,13.50,11.07,3.4,GSS release,BoG monthly avg,GSS
2026-05,13.50,11.45,3.7,GSS release,BoG monthly avg,GSS
2026-06,13.50,11.18,,,Est. FX (Wise mid-rate Jun 2026),
