month,diesel_price_(GHC/litre),lpg_ghs/kg,petrol_price_ghs/litre,brent_price_usd_per_barrel,usd/ghs_rate,consumer_price_index
2015M07,3.7,3.35,3.41,56.8,3.870,55.5
2015M08,3.46,3.35,2.76,48.2,3.920,55.1
2015M09,3.02,3.35,2.85,48.6,3.970,55.0
2015M10,2.85,3.35,2.77,48.1,3.990,56.5
2015M11,2.78,3.35,2.68,44.4,3.970,57.1
2015M12,2.75,3.35,2.65,37.7,3.960,57.7
2016M01,3.46,3.35,3.32,31.9,3.800,60.4
2016M02,3.32,3.35,3.16,33.4,3.800,60.8
2016M03,3.33,3.35,3.27,39.8,3.800,61.8
2016M04,3.42,3.35,3.31,43.3,3.800,62.7
2016M05,3.53,3.35,3.37,47.6,3.830,63.4
2016M06,3.61,3.55,3.5,49.9,3.890,64.3
2016M07,3.49,3.55,3.42,46.6,3.920,64.8
2016M08,3.5,3.55,3.42,47.2,3.950,64.4
2016M09,3.62,3.55,3.57,47.2,3.980,64.5
2016M10,3.66,3.55,3.63,51.4,4.010,65.4
2016M11,3.58,3.55,3.58,47.1,4.050,66.0
2016M12,3.63,3.55,3.63,54.9,4.200,66.6
2017M01,4.03,3.55,3.99,55.5,4.460,68.4
2017M02,4.1,3.55,4.16,56,4.460,68.9
2017M03,4.21,3.55,4.21,52.5,4.440,69.7
2017M04,4.01,3.55,3.96,53.7,4.410,70.9
2017M05,3.88,3.55,3.88,51.1,4.420,71.4
2017M06,3.82,3.55,3.74,47.5,4.430,72.0
2017M07,3.74,3.55,3.75,49.2,4.380,72.5
2017M08,3.78,3.55,3.83,51.9,4.370,72.4
2017M09,4.2,4.00,4.18,55.2,4.390,72.4
2017M10,4.28,4.00,4.24,57.5,4.410,73.0
2017M11,4.34,4.00,4.35,62.9,4.420,73.7
2017M12,4.46,4.00,4.47,62.3,4.440,74.5
2018M01,4.56,4.00,4.56,69.1,4.460,75.5
2018M02,4.57,4.00,4.58,65.7,4.460,75.7
2018M03,4.49,4.00,4.48,66.7,4.460,76.0
2018M04,4.54,4.00,4.53,71.7,4.490,76.5
2018M05,4.6,4.00,4.6,76.8,4.580,76.9
2018M06,4.85,4.20,4.85,75.9,4.680,77.4
2018M07,4.83,4.20,4.83,75,4.800,77.7
2018M08,4.72,4.20,4.73,73.9,4.900,77.9
2018M09,4.98,4.50,5.01,79,4.980,77.9
2018M10,5.12,4.50,5.13,80.6,5.070,78.2
2018M11,5.11,4.50,5.13,66,5.120,78.4
2018M12,4.94,4.50,4.95,57.7,5.100,78.8
2019M01,4.89,4.50,4.9,60.2,4.950,79.9
2019M02,4.9,4.50,4.91,64.5,5.000,80.3
2019M03,5.15,4.50,5.16,67.1,5.000,80.9
2019M04,5.19,4.50,5.19,71.7,5.100,81.4
2019M05,5.2,4.50,5.21,70.3,5.150,82.3
2019M06,5.16,4.50,5.2,63.1,5.220,83.2
2019M07,5.15,4.70,5.15,64.2,5.250,83.5
2019M08,5.15,4.70,5.14,59.5,5.320,83.9
2019M09,5.24,4.70,5.23,62.3,5.380,83.8
2019M10,5.3,4.70,5.29,59.6,5.440,84.1
2019M11,5.32,4.70,5.32,62.7,5.520,84.7
2019M12,5.34,4.70,5.34,65.2,5.550,84.9
2020M01,5.39,4.70,5.4,63.7,5.620,86.1
2020M02,5.4,4.70,5.41,55.5,5.650,86.5
2020M03,5.14,4.70,5.16,33.7,5.680,87.2
2020M04,4.09,4.70,4.52,26.6,5.750,90.0
2020M05,4.03,4.70,4.04,32.1,5.830,91.6
2020M06,4.4,4.70,4.41,40.8,5.870,92.5
2020M07,4.68,4.90,4.68,43.2,5.920,93.0
2020M08,4.71,4.90,4.71,45,5.850,92.6
2020M09,4.66,4.90,4.67,41.9,5.870,92.5
2020M10,4.59,4.90,4.6,41.4,5.820,92.6
2020M11,4.58,4.90,4.58,44,5.850,92.9
2020M12,4.64,4.90,4.64,50.2,5.880,93.8
2021M01,4.91,4.90,4.91,55.2,5.740,94.7
2021M02,5.03,5.50,5.01,62.3,5.750,95.4
2021M03,5.25,5.50,5.25,65.8,5.770,96.2
2021M04,5.32,5.50,5.32,65.3,5.760,97.7
2021M05,5.91,5.50,5.91,68.3,5.760,98.4
2021M06,6,5.50,6,73.4,5.840,99.7
2021M07,6.11,5.50,6.11,74,5.910,101.3
2021M08,6.12,5.50,6.12,70.5,5.960,101.6
2021M09,6.18,5.80,6.18,74.3,6.000,102.2
2021M10,6.49,5.80,6.5,83.8,6.020,102.9
2021M11,6.79,5.80,6.79,80.8,6.050,104.3
2021M12,6.66,5.80,6.67,74.8,6.100,105.6
2022M01,6.68,6.20,6.69,85.5,6.180,107.8
2022M02,7.55,6.20,7.56,94.3,6.230,110.4
2022M03,9.05,6.50,9.46,112.5,6.280,114.9
2022M04,9.3,7.20,10.43,105.8,7.000,120.8
2022M05,9.47,7.20,11.46,111.6,7.560,125.7
2022M06,10.62,7.60,13,117.2,7.880,129.4
2022M07,11.27,8.00,13.85,105.1,8.200,133.5
2022M08,10.88,8.50,13.26,97.7,8.500,136.0
2022M09,11.13,9.50,14.25,90.6,9.600,140.6
2022M10,12.29,10.00,15.18,93.6,10.100,144.4
2022M11,17.43,10.50,22.58,90.4,10.900,156.8
2022M12,16.58,11.09,19.61,81.3,11.990,162.8
2023M01,13.12,11.09,14.97,83.9,12.600,165.6
2023M02,15.12,13.00,15.4,83.9,11.600,168.7
2023M03,13.2,13.00,13.49,79.7,11.700,166.6
2023M04,12.47,13.00,12.78,82.7,11.720,170.6
2023M05,12.29,13.00,12.3,75.7,11.510,178.7
2023M06,11.95,13.00,11.97,75,11.420,184.4
2023M07,11.87,13.50,11.9,80.2,11.280,191.0
2023M08,12.76,14.00,12.85,84.6,11.230,190.6
2023M09,12.88,14.00,13.07,92.6,11.350,194.2
2023M10,12.56,14.00,13.29,88.7,11.590,194.8
2023M11,12.25,14.00,13.09,82,11.820,198.3
2023M12,12.11,14.00,13.06,77.3,11.960,200.6
2024M01,12.01,14.50,13.56,79.2,11.910,204.6
2024M02,12.02,14.50,13.04,81.7,12.080,207.8
2024M03,12.84,14.50,13.73,84.7,12.380,209.6
2024M04,13.62,14.50,14.14,89,13.250,213.3
2024M05,14.14,14.50,14.21,83,14.020,220.0
2024M06,14.14,15.00,14.25,83,14.500,226.4
2024M07,14.05,15.00,14.3,83.9,15.100,231.0
2024M08,14.1,15.00,14,78.9,15.500,229.4
2024M09,13.85,15.00,13.9,72.7,15.700,235.8
2024M10,14.3,15.00,14.5,75.4,15.900,237.8
2024M11,14.5,15.00,15.2,73.4,15.990,243.9
2024M12,14.4,15.00,15,73.2,15.200,248.3
2025M01,14.6,14.50,15.1,78.3,14.700,252.6
2025M02,14.2,14.50,14.8,75,14.200,255.9
2025M03,13.9,14.50,14.5,71.5,13.500,256.5
2025M04,13.4,14.00,14.1,66.3,13.000,258.6
2025M05,12.8,14.00,13.3,63.7,12.600,260.5
2025M06,12.1,14.00,12.75,69.8,12.200,257.3
2025M07,12.2,14.00,13.15,69.6,11.800,259.1
2025M08,12.5,14.00,13.4,67.3,11.500,255.7
2025M09,12.9,14.00,13.8,67.6,11.300,258
2025M10,13.1,14.00,14,64,11.200,257
2025M11,13,13.50,13.95,63.6,11.100,259.4
2025M12,12.8,13.50,13.75,61.6,11.000,261.7
2026M01,12.9,13.50,13.9,64.6,10.900,262.3
2026M02,13.45,13.50,14.6,69.4,10.500,264.4
2026M03,14.1,13.50,15.2,99.4,10.600,264.8
2026M04,14.55,13.50,16.1,117.3,10.700,267.3
2026M05,13.25,13.50,15.6,106.3,11.070,270.2
2026M06,13.87,13.50,15.95,92.98,11.450,
,,,,,,
